{
   "AAPL": {
      "sma": {
         "units": 1,
         "cash": -216.41499999999996,
         "unrealized": 278.77,
         "total": 62.35500000000002
      },
      "mean": {
         "units": -50,
         "cash": 10996.969999999994,
         "unrealized": -13938.5,
         "total": -2941.530000000006
      },
      "rsi": {
         "units": -65,
         "cash": 15404.95,
         "unrealized": -18120.05,
         "total": -2715.0999999999985
      },
      "best": "sma"
   },
   "MSFT": {
      "sma": {
         "units": 0,
         "cash": 182.75499999999994,
         "unrealized": 0.0,
         "total": 182.75499999999994
      },
      "mean": {
         "units": -46,
         "cash": 18946.035000000014,
         "unrealized": -22631.77,
         "total": -3685.734999999986
      },
      "rsi": {
         "units": -80,
         "cash": 33434.79500000001,
         "unrealized": -39359.6,
         "total": -5924.804999999986
      },
      "best": "sma"
   },
   "GOOGL": {
      "sma": {
         "units": 1,
         "cash": -150.54500000000002,
         "unrealized": 319.995,
         "total": 169.45
      },
      "mean": {
         "units": -69,
         "cash": 13085.024999999996,
         "unrealized": -22079.655,
         "total": -8994.630000000003
      },
      "rsi": {
         "units": -106,
         "cash": 19968.014999999996,
         "unrealized": -33919.47,
         "total": -13951.455000000005
      },
      "best": "sma"
   },
   "AMZN": {
      "sma": {
         "units": 1,
         "cash": -148.57000000000002,
         "unrealized": 233.23,
         "total": 84.65999999999997
      },
      "mean": {
         "units": -67,
         "cash": 11810.285000000002,
         "unrealized": -15626.41,
         "total": -3816.124999999998
      },
      "rsi": {
         "units": -46,
         "cash": 7941.5149999999985,
         "unrealized": -10728.58,
         "total": -2787.0650000000014
      },
      "best": "sma"
   },
   "META": {
      "sma": {
         "units": -1,
         "cash": 450.1700000000001,
         "unrealized": -647.935,
         "total": -197.76499999999987
      },
      "mean": {
         "units": -88,
         "cash": 35687.339999999975,
         "unrealized": -57018.28,
         "total": -21330.940000000024
      },
      "rsi": {
         "units": -135,
         "cash": 49844.89000000001,
         "unrealized": -87471.22499999999,
         "total": -37626.334999999985
      },
      "best": "sma"
   },
   "NVDA": {
      "sma": {
         "units": 0,
         "cash": -219.32000000000008,
         "unrealized": 0.0,
         "total": -219.32000000000008
      },
      "mean": {
         "units": -62,
         "cash": 32318.354999999996,
         "unrealized": -10970.9,
         "total": 21347.454999999994
      },
      "rsi": {
         "units": -134,
         "cash": 62501.28499999996,
         "unrealized": -23711.3,
         "total": 38789.98499999996
      },
      "best": "rsi"
   },
   "TSLA": {
      "sma": {
         "units": 0,
         "cash": 234.695,
         "unrealized": 0.0,
         "total": 234.695
      },
      "mean": {
         "units": -26,
         "cash": 10411.029999999999,
         "unrealized": -11183.64,
         "total": -772.6100000000006
      },
      "rsi": {
         "units": -33,
         "cash": 18165.999999999996,
         "unrealized": -14194.619999999999,
         "total": 3971.3799999999974
      },
      "best": "rsi"
   },
   "DAL": {
      "sma": {
         "units": -1,
         "cash": 64.33000000000003,
         "unrealized": -64.11,
         "total": 0.22000000000002728
      },
      "mean": {
         "units": -16,
         "cash": 1034.78,
         "unrealized": -1025.76,
         "total": 9.019999999999982
      },
      "rsi": {
         "units": -70,
         "cash": 3889.7900000000004,
         "unrealized": -4487.7,
         "total": -597.9099999999994
      },
      "best": "mean"
   },
   "XOM": {
      "sma": {
         "units": 0,
         "cash": -35.52500000000006,
         "unrealized": 0.0,
         "total": -35.52500000000006
      },
      "mean": {
         "units": -7,
         "cash": 1186.8150000000005,
         "unrealized": -811.475,
         "total": 375.3400000000005
      },
      "rsi": {
         "units": -34,
         "cash": 4321.62,
         "unrealized": -3941.45,
         "total": 380.1700000000001
      },
      "best": "rsi"
   },
   "PEP": {
      "sma": {
         "units": 0,
         "cash": -25.630000000000024,
         "unrealized": 0.0,
         "total": -25.630000000000024
      },
      "mean": {
         "units": 6,
         "cash": -439.69000000000096,
         "unrealized": 892.1999999999999,
         "total": 452.50999999999897
      },
      "rsi": {
         "units": 27,
         "cash": -3668.624999999998,
         "unrealized": 4014.8999999999996,
         "total": 346.27500000000146
      },
      "best": "mean"
   },
   "best strategy": "sma",
   "best stock": "TSLA"
}